Workbook
Name NativeTimeline_Completion_Date: #N/A
Name Slicer_Department: #N/A
Name Slicer_Priority: #N/A
Name Slicer_Task_Status: #N/A

Sheet Raw_Data
A1: Task ID | B1: Project Name | C1: Department | D1: Assigned To | E1: Role | F1: Priority | G1: Task Category | H1: Start Date | I1: Due Date | J1: Completion Date | K1: Estimated Hours | L1: Actual Hours | M1: Remarks
A2: T001 | B2: Website Revamp | C2: IT | D2: Ravi | E2: Developer | F2: High | G2: Development | H2: 46023 | I2: 46027 | J2: 46026 | K2: 10 | L2: 9 | M2: On Time
A3: T002 | B3: Website Revamp | C3: IT | D3: Sneha | E3: Tester | F3: Medium | G3: Testing | H3: 46024 | I3: 46028 | J3: 46027 | K3: 8 | L3: 10 | M3: Delayed
A4: T003 | B4: Marketing Campaign | C4: Marketing | D4: Rahul | E4: Analyst | F4: High | G4: Planning | H4: 46025 | I4: 46030 | J4: 46028 | K4: 12 | L4: 7 | M4: Ongoing
A5: T004 | B5: Hiring Drive | C5: HR | D5: Priya | E5: Recruiter | F5: Low | G5: Recruitment | H5: 46026 | I5: 46032 | J5: 46029 | K5: 6 | L5: 0 | M5: Pending
A6: T005 | B6: Sales Report | C6: Sales | D6: Arjun | E6: Executive | F6: High | G6: Reporting | H6: 46027 | I6: 46031 | J6: 46030 | K6: 5 | L6: 5 | M6: Done
A7: T006 | B7: App Development | C7: IT | D7: Kiran | E7: Developer | F7: High | G7: Coding | H7: 46028 | I7: 46034 | J7: 46031 | K7: 15 | L7: 7 | M7: Ongoing
A8: T007 | B8: Customer Survey | C8: Marketing | D8: Meena | E8: Analyst | F8: Medium | G8: Research | H8: 46029 | I8: 46036 | J8: 46032 | K8: 7 | L8: 0 | M8: Pending
A9: T008 | B9: Payroll Update | C9: HR | D9: Anil | E9: Manager | F9: High | G9: Finance | H9: 46030 | I9: 46035 | J9: 46033 | K9: 6 | L9: 6 | M9: Done
A10: T009 | B10: Sales Target Plan | C10: Sales | D10: Divya | E10: Manager | F10: High | G10: Planning | H10: 46031 | I10: 46037 | J10: 46034 | K10: 10 | L10: 4 | M10: Ongoing
A11: T010 | B11: Website Revamp | C11: IT | D11: Ravi | E11: Developer | F11: Medium | G11: Bug Fix | H11: 46032 | I11: 46038 | J11: 46035 | K11: 8 | L11: 3 | M11: Ongoing
A12: T011 | B12: Website Revamp | C12: IT | D12: Sneha | E12: Tester | F12: Low | G12: Testing | H12: 46033 | I12: 46039 | J12: 46036 | K12: 6 | L12: 0 | M12: Pending
A13: T012 | B13: Marketing Campaign | C13: Marketing | D13: Rahul | E13: Analyst | F13: High | G13: Execution | H13: 46034 | I13: 46040 | J13: 46037 | K13: 10 | L13: 10 | M13: Done
... A101: T100 | B101: Website Revamp | C101: IT | D101: Ravi | E101: Developer | F101: Medium | G101: Bug Fix | H101: 46122 | I101: 46038 | J101: 46125 | K101: 11 | L101: 8 | M101: Ongoing

Sheet Cleaned_Data
A1: Task ID | B1: Project Name | C1: Department | D1: Assigned To | E1: Role | F1: Priority | G1: Task Category | H1: Start Date | I1: Due Date | J1: Completion Date | K1: Estimated Hours | L1: Actual Hours | M1: Remarks
A2: T001 | B2: Website Revamp | C2: IT | D2: Ravi | E2: Developer | F2: High | G2: Development | H2: 46023 | I2: 46027 | J2: 46026 | K2: 10 | L2: 9 | M2: On Time
A3: T002 | B3: Website Revamp | C3: IT | D3: Sneha | E3: Tester | F3: Medium | G3: Testing | H3: 46024 | I3: 46028 | J3: 46027 | K3: 8 | L3: 10 | M3: Delayed
A4: T003 | B4: Marketing Campaign | C4: Marketing | D4: Rahul | E4: Analyst | F4: High | G4: Planning | H4: 46025 | I4: 46030 | J4: 46028 | K4: 12 | L4: 7 | M4: Ongoing
A5: T004 | B5: Hiring Drive | C5: HR | D5: Priya | E5: Recruiter | F5: Low | G5: Recruitment | H5: 46026 | I5: 46032 | J5: 46029 | K5: 6 | L5: 0 | M5: Pending
A6: T005 | B6: Sales Report | C6: Sales | D6: Arjun | E6: Executive | F6: High | G6: Reporting | H6: 46027 | I6: 46031 | J6: 46030 | K6: 5 | L6: 5 | M6: Done
A7: T006 | B7: App Development | C7: IT | D7: Kiran | E7: Developer | F7: High | G7: Coding | H7: 46028 | I7: 46034 | J7: 46031 | K7: 15 | L7: 7 | M7: Ongoing
A8: T007 | B8: Customer Survey | C8: Marketing | D8: Meena | E8: Analyst | F8: Medium | G8: Research | H8: 46029 | I8: 46036 | J8: 46032 | K8: 7 | L8: 0 | M8: Pending
A9: T008 | B9: Payroll Update | C9: HR | D9: Anil | E9: Manager | F9: High | G9: Finance | H9: 46030 | I9: 46035 | J9: 46033 | K9: 6 | L9: 6 | M9: Done
A10: T009 | B10: Sales Target Plan | C10: Sales | D10: Divya | E10: Manager | F10: High | G10: Planning | H10: 46031 | I10: 46037 | J10: 46034 | K10: 10 | L10: 4 | M10: Ongoing
A11: T010 | B11: Website Revamp | C11: IT | D11: Ravi | E11: Developer | F11: Medium | G11: Bug Fix | H11: 46032 | I11: 46038 | J11: 46035 | K11: 8 | L11: 3 | M11: Ongoing
A12: T011 | B12: Website Revamp | C12: IT | D12: Sneha | E12: Tester | F12: Low | G12: Testing | H12: 46033 | I12: 46039 | J12: 46036 | K12: 6 | L12: 0 | M12: Pending
A13: T012 | B13: Marketing Campaign | C13: Marketing | D13: Rahul | E13: Analyst | F13: High | G13: Execution | H13: 46034 | I13: 46040 | J13: 46037 | K13: 10 | L13: 10 | M13: Done
... A101: T100 | B101: Website Revamp | C101: IT | D101: Ravi | E101: Developer | F101: Medium | G101: Bug Fix | H101: 46122 | I101: 46038 | J101: 46125 | K101: 11 | L101: 8 | M101: Ongoing

Sheet Calculation
A1: Task ID | B1: Project Name | C1: Department | D1: Assigned To | E1: Role | F1: Priority | G1: Task Category | H1: Start Date | I1: Due Date | J1: Completion Date | K1: Progress % | L1: Estimated Hours | M1: Actual Hours | N1: Remarks | O1: Variance | P1: Task Status | Q1: Progress% | R1: Delay | S1: Days Taken | T1: Over Due
A2: T001 | B2: Website Revamp | C2: IT | D2: Ravi | E2: Developer | F2: High | G2: Development | H2: 46023 | I2: 46027 | J2: 46026 | K2: ca | L2: 10 | M2: 9 | N2: On Time | O2: =M2-L2 -> -1 | P2: =IF(Calculation[[#This Row],[Completion Date]]=Calculation[[#This Row],[Progress %]],"In progress",IF(Calculation[[#This Row],[Completion Date]]>Calculation[[#This Row],[Due Date]],"Delayed","Completed")) -> Completed | Q2: =IF(Calculation[[#This Row],[Task Status]]="Completed",100,IF(Calculation[[#This Row],[Task Status]]="In Progress",50,0)) -> 100 | R2: =IF(Calculation[[#This Row],[Completion Date]]>Calculation[[#This Row],[Due Date]],"Yes","No") -> No | S2: =J2-H2 -> 3 | T2: =IF(AND(Calculation[[#This Row],[Task Status]]<>"Completed",TODAY()>Calculation[[#This Row],[Due Date]]),"Yes","No") -> No
A3: T002 | B3: Website Revamp | C3: IT | D3: Sneha | E3: Tester | F3: Medium | G3: Testing | H3: 46024 | I3: 46028 | J3: 46027 | K3: 100 | L3: 8 | M3: 10 | N3: Delayed | O3: =M3-L3 -> 2 | P3: =IF(Calculation[[#This Row],[Completion Date]]=Calculation[[#This Row],[Progress %]],"In progress",IF(Calculation[[#This Row],[Completion Date]]>Calculation[[#This Row],[Due Date]],"Delayed","Completed")) -> Completed | Q3: =IF(Calculation[[#This Row],[Task Status]]="Completed",100,IF(Calculation[[#This Row],[Task Status]]="In Progress",50,0)) -> 100 | R3: =IF(Calculation[[#This Row],[Completion Date]]>Calculation[[#This Row],[Due Date]],"Yes","No") -> No | S3: =J3-H3 -> 3 | T3: =IF(AND(Calculation[[#This Row],[Task Status]]<>"Completed",TODAY()>Calculation[[#This Row],[Due Date]]),"Yes","No") -> No
A4: T003 | B4: Marketing Campaign | C4: Marketing | D4: Rahul | E4: Analyst | F4: High | G4: Planning | H4: 46025 | I4: 46030 | J4: 46028 | K4: 60 | L4: 12 | M4: 7 | N4: Ongoing | O4: =M4-L4 -> -5 | P4: =IF(Calculation[[#This Row],[Completion Date]]=Calculation[[#This Row],[Progress %]],"In progress",IF(Calculation[[#This Row],[Completion Date]]>Calculation[[#This Row],[Due Date]],"Delayed","Completed")) -> Completed | Q4: =IF(Calculation[[#This Row],[Task Status]]="Completed",100,IF(Calculation[[#This Row],[Task Status]]="In Progress",50,0)) -> 100 | R4: =IF(Calculation[[#This Row],[Completion Date]]>Calculation[[#This Row],[Due Date]],"Yes","No") -> No | S4: =J4-H4 -> 3 | T4: =IF(AND(Calculation[[#This Row],[Task Status]]<>"Completed",TODAY()>Calculation[[#This Row],[Due Date]]),"Yes","No") -> No
A5: T004 | B5: Hiring Drive | C5: HR | D5: Priya | E5: Recruiter | F5: Low | G5: Recruitment | H5: 46026 | I5: 46032 | J5: 46029 | K5: 0 | L5: 6 | M5: 0 | N5: Pending | O5: =M5-L5 -> -6 | P5: =IF(Calculation[[#This Row],[Completion Date]]=Calculation[[#This Row],[Progress %]],"In progress",IF(Calculation[[#This Row],[Completion Date]]>Calculation[[#This Row],[Due Date]],"Delayed","Completed")) -> Completed | Q5: =IF(Calculation[[#This Row],[Task Status]]="Completed",100,IF(Calculation[[#This Row],[Task Status]]="In Progress",50,0)) -> 100 | R5: =IF(Calculation[[#This Row],[Completion Date]]>Calculation[[#This Row],[Due Date]],"Yes","No") -> No | S5: =J5-H5 -> 3 | T5: =IF(AND(Calculation[[#This Row],[Task Status]]<>"Completed",TODAY()>Calculation[[#This Row],[Due Date]]),"Yes","No") -> No
A6: T005 | B6: Sales Report | C6: Sales | D6: Arjun | E6: Executive | F6: High | G6: Reporting | H6: 46027 | I6: 46031 | J6: 46030 | K6: 100 | L6: 5 | M6: 5 | N6: Done | O6: =M6-L6 -> 0 | P6: =IF(Calculation[[#This Row],[Completion Date]]=Calculation[[#This Row],[Progress %]],"In progress",IF(Calculation[[#This Row],[Completion Date]]>Calculation[[#This Row],[Due Date]],"Delayed","Completed")) -> Completed | Q6: =IF(Calculation[[#This Row],[Task Status]]="Completed",100,IF(Calculation[[#This Row],[Task Status]]="In Progress",50,0)) -> 100 | R6: =IF(Calculation[[#This Row],[Completion Date]]>Calculation[[#This Row],[Due Date]],"Yes","No") -> No | S6: =J6-H6 -> 3 | T6: =IF(AND(Calculation[[#This Row],[Task Status]]<>"Completed",TODAY()>Calculation[[#This Row],[Due Date]]),"Yes","No") -> No
A7: T006 | B7: App Development | C7: IT | D7: Kiran | E7: Developer | F7: High | G7: Coding | H7: 46028 | I7: 46034 | J7: 46031 | K7: 50 | L7: 15 | M7: 7 | N7: Ongoing | O7: =M7-L7 -> -8 | P7: =IF(Calculation[[#This Row],[Completion Date]]=Calculation[[#This Row],[Progress %]],"In progress",IF(Calculation[[#This Row],[Completion Date]]>Calculation[[#This Row],[Due Date]],"Delayed","Completed")) -> Completed | Q7: =IF(Calculation[[#This Row],[Task Status]]="Completed",100,IF(Calculation[[#This Row],[Task Status]]="In Progress",50,0)) -> 100 | R7: =IF(Calculation[[#This Row],[Completion Date]]>Calculation[[#This Row],[Due Date]],"Yes","No") -> No | S7: =J7-H7 -> 3 | T7: =IF(AND(Calculation[[#This Row],[Task Status]]<>"Completed",TODAY()>Calculation[[#This Row],[Due Date]]),"Yes","No") -> No
A8: T007 | B8: Customer Survey | C8: Marketing | D8: Meena | E8: Analyst | F8: Medium | G8: Research | H8: 46029 | I8: 46036 | J8: 46032 | K8: 0 | L8: 7 | M8: 0 | N8: Pending | O8: =M8-L8 -> -7 | P8: =IF(Calculation[[#This Row],[Completion Date]]=Calculation[[#This Row],[Progress %]],"In progress",IF(Calculation[[#This Row],[Completion Date]]>Calculation[[#This Row],[Due Date]],"Delayed","Completed")) -> Completed | Q8: =IF(Calculation[[#This Row],[Task Status]]="Completed",100,IF(Calculation[[#This Row],[Task Status]]="In Progress",50,0)) -> 100 | R8: =IF(Calculation[[#This Row],[Completion Date]]>Calculation[[#This Row],[Due Date]],"Yes","No") -> No | S8: =J8-H8 -> 3 | T8: =IF(AND(Calculation[[#This Row],[Task Status]]<>"Completed",TODAY()>Calculation[[#This Row],[Due Date]]),"Yes","No") -> No
A9: T008 | B9: Payroll Update | C9: HR | D9: Anil | E9: Manager | F9: High | G9: Finance | H9: 46030 | I9: 46035 | J9: 46033 | K9: 100 | L9: 6 | M9: 6 | N9: Done | O9: =M9-L9 -> 0 | P9: =IF(Calculation[[#This Row],[Completion Date]]=Calculation[[#This Row],[Progress %]],"In progress",IF(Calculation[[#This Row],[Completion Date]]>Calculation[[#This Row],[Due Date]],"Delayed","Completed")) -> Completed | Q9: =IF(Calculation[[#This Row],[Task Status]]="Completed",100,IF(Calculation[[#This Row],[Task Status]]="In Progress",50,0)) -> 100 | R9: =IF(Calculation[[#This Row],[Completion Date]]>Calculation[[#This Row],[Due Date]],"Yes","No") -> No | S9: =J9-H9 -> 3 | T9: =IF(AND(Calculation[[#This Row],[Task Status]]<>"Completed",TODAY()>Calculation[[#This Row],[Due Date]]),"Yes","No") -> No
A10: T009 | B10: Sales Target Plan | C10: Sales | D10: Divya | E10: Manager | F10: High | G10: Planning | H10: 46031 | I10: 46037 | J10: 46034 | K10: 40 | L10: 10 | M10: 4 | N10: Ongoing | O10: =M10-L10 -> -6 | P10: =IF(Calculation[[#This Row],[Completion Date]]=Calculation[[#This Row],[Progress %]],"In progress",IF(Calculation[[#This Row],[Completion Date]]>Calculation[[#This Row],[Due Date]],"Delayed","Completed")) -> Completed | Q10: =IF(Calculation[[#This Row],[Task Status]]="Completed",100,IF(Calculation[[#This Row],[Task Status]]="In Progress",50,0)) -> 100 | R10: =IF(Calculation[[#This Row],[Completion Date]]>Calculation[[#This Row],[Due Date]],"Yes","No") -> No | S10: =J10-H10 -> 3 | T10: =IF(AND(Calculation[[#This Row],[Task Status]]<>"Completed",TODAY()>Calculation[[#This Row],[Due Date]]),"Yes","No") -> No
A11: T010 | B11: Website Revamp | C11: IT | D11: Ravi | E11: Developer | F11: Medium | G11: Bug Fix | H11: 46032 | I11: 46038 | J11: 46035 | K11: 30 | L11: 8 | M11: 3 | N11: Ongoing | O11: =M11-L11 -> -5 | P11: =IF(Calculation[[#This Row],[Completion Date]]=Calculation[[#This Row],[Progress %]],"In progress",IF(Calculation[[#This Row],[Completion Date]]>Calculation[[#This Row],[Due Date]],"Delayed","Completed")) -> Completed | Q11: =IF(Calculation[[#This Row],[Task Status]]="Completed",100,IF(Calculation[[#This Row],[Task Status]]="In Progress",50,0)) -> 100 | R11: =IF(Calculation[[#This Row],[Completion Date]]>Calculation[[#This Row],[Due Date]],"Yes","No") -> No | S11: =J11-H11 -> 3 | T11: =IF(AND(Calculation[[#This Row],[Task Status]]<>"Completed",TODAY()>Calculation[[#This Row],[Due Date]]),"Yes","No") -> No
A12: T011 | B12: Website Revamp | C12: IT | D12: Sneha | E12: Tester | F12: Low | G12: Testing | H12: 46033 | I12: 46039 | J12: 46036 | K12: 0 | L12: 6 | M12: 0 | N12: Pending | O12: =M12-L12 -> -6 | P12: =IF(Calculation[[#This Row],[Completion Date]]=Calculation[[#This Row],[Progress %]],"In progress",IF(Calculation[[#This Row],[Completion Date]]>Calculation[[#This Row],[Due Date]],"Delayed","Completed")) -> Completed | Q12: =IF(Calculation[[#This Row],[Task Status]]="Completed",100,IF(Calculation[[#This Row],[Task Status]]="In Progress",50,0)) -> 100 | R12: =IF(Calculation[[#This Row],[Completion Date]]>Calculation[[#This Row],[Due Date]],"Yes","No") -> No | S12: =J12-H12 -> 3 | T12: =IF(AND(Calculation[[#This Row],[Task Status]]<>"Completed",TODAY()>Calculation[[#This Row],[Due Date]]),"Yes","No") -> No
A13: T012 | B13: Marketing Campaign | C13: Marketing | D13: Rahul | E13: Analyst | F13: High | G13: Execution | H13: 46034 | I13: 46040 | J13: 46037 | K13: 100 | L13: 10 | M13: 10 | N13: Done | O13: =M13-L13 -> 0 | P13: =IF(Calculation[[#This Row],[Completion Date]]=Calculation[[#This Row],[Progress %]],"In progress",IF(Calculation[[#This Row],[Completion Date]]>Calculation[[#This Row],[Due Date]],"Delayed","Completed")) -> Completed | Q13: =IF(Calculation[[#This Row],[Task Status]]="Completed",100,IF(Calculation[[#This Row],[Task Status]]="In Progress",50,0)) -> 100 | R13: =IF(Calculation[[#This Row],[Completion Date]]>Calculation[[#This Row],[Due Date]],"Yes","No") -> No | S13: =J13-H13 -> 3 | T13: =IF(AND(Calculation[[#This Row],[Task Status]]<>"Completed",TODAY()>Calculation[[#This Row],[Due Date]]),"Yes","No") -> No
A14: T013 | B14: Hiring Drive | C14: HR | D14: Priya | E14: Recruiter | F14: Medium | G14: Screening | H14: 46035 | I14: 46041 | J14: 46038 | K14: 50 | L14: 7 | M14: 4 | N14: Ongoing | O14: =M14-L14 -> -3 | P14: =IF(Calculation[[#This Row],[Completion Date]]=Calculation[[#This Row],[Progress %]],"In progress",IF(Calculation[[#This Row],[Completion Date]]>Calculation[[#This Row],[Due Date]],"Delayed","Completed")) -> Completed | Q14: =IF(Calculation[[#This Row],[Task Status]]="Completed",100,IF(Calculation[[#This Row],[Task Status]]="In Progress",50,0)) -> 100 | R14: =IF(Calculation[[#This Row],[Completion Date]]>Calculation[[#This Row],[Due Date]],"Yes","No") -> No | S14: =J14-H14 -> 3 | T14: =IF(AND(Calculation[[#This Row],[Task Status]]<>"Completed",TODAY()>Calculation[[#This Row],[Due Date]]),"Yes","No") -> No
... A101: T100 | B101: Website Revamp | C101: IT | D101: Ravi | E101: Developer | F101: Medium | G101: Bug Fix | H101: 46122 | I101: 46038 | J101: 46125 | K101: 66 | L101: 11 | M101: 8 | N101: Ongoing | O101: =M101-L101 -> -3 | P101: =IF(Calculation[[#This Row],[Completion Date]]=Calculation[[#This Row],[Progress %]],"In progress",IF(Calculation[[#This Row],[Completion Date]]>Calculation[[#This Row],[Due Date]],"Delayed","Completed")) -> Delayed | Q101: =IF(Calculation[[#This Row],[Task Status]]="Completed",100,IF(Calculation[[#This Row],[Task Status]]="In Progress",50,0)) -> 0 | R101: =IF(Calculation[[#This Row],[Completion Date]]>Calculation[[#This Row],[Due Date]],"Yes","No") -> Yes | S101: =J101-H101 -> 3 | T101: =IF(AND(Calculation[[#This Row],[Task Status]]<>"Completed",TODAY()>Calculation[[#This Row],[Due Date]]),"Yes","No") -> Yes

Sheet KPI_Summary
A1: KPI Summary | B1: Values
A2: Total Tasks | B2: =COUNTA('Calculation'!A:A) -> 101
A3: Completed Tasks | B3: =COUNTIFS('Calculation'!P:P,"Completed") -> 30
A4: Pending Tasks | B4: =COUNTIFS('Calculation'!P:P,"In Progress")+COUNTIFS(P:P,"Not Started") -> 0
A5: Dalayed Tasks | B5: =COUNTIFS('Calculation'!P:P,"Delayed") -> 70
A6: Tasks Completion | B6: =B3/B2 -> 0.2970297
A7: High Priority Task | B7: =COUNTIFS('Calculation'!F:F,"High") -> 51
A8: Average Completion Time | B8: =AVERAGE('Calculation'!S:S) -> 3
A9: Productivity Indicator | B9: =B3/B2 -> 0.2970297

Sheet Pivot_Table
A1: Tasks by Status | D1: Tasks by Department | G1: Priority Distribution | J1: Employee Performance
A2: Task Status | B2: Count of Task ID | D2: Department | E2: Count of Task ID | G2: Priority | H2: Count of Task ID | J2: Task Status | K2: (All)
A3: Completed | B3: 82 | D3: HR | E3: 20 | G3: High | H3: 51
A4: Delayed | B4: 10 | D4: IT | E4: 37 | G4: Low | H4: 16 | J4: Assigned To | K4: Count of Task ID
A5: In progress | B5: 8 | D5: Marketing | E5: 23 | G5: Medium | H5: 33 | J5: Anil | K5: 10
A6: Grand Total | B6: 100 | D6: Sales | E6: 20 | G6: (blank) | J6: Arjun | K6: 10
D7: (blank) | G7: Grand Total | H7: 100 | J7: Divya | K7: 10
D8: Grand Total | E8: 100 | J8: Kiran | K8: 10
J9: Meena | K9: 10
A10: Tasks Completion Trend | D10: Project -Wise Progress | G10: Delayed Tasks Analysis | J10: Priya | K10: 10
A11: Row Labels | B11: Count of Task ID | D11: Project Name | E11: Average of Progress % | G11: Task Status | H11: (All) | J11: Rahul | K11: 13
A12: <04-01-2026 | B12: 63 | D12: App Development | E12: 55.495032 | G12: Delay | H12: (All) | J12: Ravi | K12: 14
A13: Jan | B13: 31 | D13: Customer Survey | E13: 21.6 | J13: Sneha | K13: 13
A14: Feb | B14: 6 | D14: Hiring Drive | E14: 45.7 | G14: Assigned To | H14: Count of Task ID | J14: (blank)
A15: Grand Total | B15: 100 | D15: Marketing Campaign | E15: 59.763042 | G15: Anil | H15: 10 | J15: Grand Total | K15: 100
D16: Payroll Update | E16: 84.548869 | G16: Arjun | H16: 10
D17: Sales Report | E17: 47.547015 | G17: Divya | H17: 10
D18: Sales Target Plan | E18: 50.7 | G18: Kiran | H18: 10
D19: Website Revamp | E19: 43.860857 | G19: Meena | H19: 10
D20: (blank) | G20: Priya | H20: 10
D21: Grand Total | E21: 50.234454 | G21: Rahul | H21: 13
G22: Ravi | H22: 14
G23: Sneha | H23: 13
G24: (blank)
G25: Grand Total | H25: 100

Sheet Dashboard
